{
    "cpu_cycles_pass2_start": 259978272749508,
    "CompileProcesses": [
        "cgproc.1978.json"
    ],
    "cycles_program_begin": 259976139829504,
    "perf": [
        {
            "stat": [
                "main",
                "entry",
                0.017760992050170898,
                0.069982000000000003,
                0.010295,
                220196,
                220196,
                0.0,
                0.0,
                1690789082.3330779,
                259976140144488
            ],
            "sub": [
                {
                    "stat": [
                        "doParsingAndDesignResolution",
                        "entry",
                        0.1328580379486084,
                        0.081016000000000005,
                        0.011452,
                        275092,
                        275892,
                        0.0,
                        0.0,
                        1690789082.448175,
                        259976484777822
                    ],
                    "sub": []
                },
                {
                    "stat": [
                        "doParsingAndDesignResolution",
                        "exit",
                        0.28940606117248535,
                        0.14296600000000001,
                        0.048160000000000001,
                        382712,
                        447768,
                        0.0,
                        0.0,
                        1690789082.604723,
                        259976953745334
                    ],
                    "sub": []
                },
                {
                    "stat": [
                        "doPostDesignResolutionToVir2Vcs",
                        "entry",
                        0.29289102554321289,
                        0.14915800000000001,
                        0.051688999999999999,
                        364924,
                        447768,
                        0.0,
                        0.0,
                        1690789082.6082079,
                        259976964125678
                    ],
                    "sub": [
                        {
                            "stat": [
                                "doUptoVir2VcsNoSepCleanup",
                                "entry",
                                0.31154012680053711,
                                0.159634,
                                0.059861999999999999,
                                364924,
                                447768,
                                0.0,
                                0.0,
                                1690789082.626857,
                                259977019978860
                            ],
                            "sub": []
                        },
                        {
                            "stat": [
                                "doUptoVir2VcsNoSepCleanup",
                                "exit",
                                0.46628117561340332,
                                0.28276200000000001,
                                0.078003000000000003,
                                381892,
                                447768,
                                0.011849999999999999,
                                0.0016919999999999999,
                                1690789082.7815981,
                                259977483572099
                            ],
                            "sub": []
                        },
                        {
                            "stat": [
                                "doRadify_vir2vcsAll",
                                "entry",
                                0.46640896797180176,
                                0.28286299999999998,
                                0.078031000000000003,
                                381892,
                                447768,
                                0.011849999999999999,
                                0.0016919999999999999,
                                1690789082.7817259,
                                259977483817021
                            ],
                            "sub": []
                        },
                        {
                            "stat": [
                                "doRadify_vir2vcsAll",
                                "exit",
                                0.4796760082244873,
                                0.29538999999999999,
                                0.078770000000000007,
                                381892,
                                447768,
                                0.011849999999999999,
                                0.0016919999999999999,
                                1690789082.7949929,
                                259977523597147
                            ],
                            "sub": []
                        }
                    ]
                },
                {
                    "stat": [
                        "doPostDesignResolutionToVir2Vcs",
                        "exit",
                        0.47971105575561523,
                        0.29541800000000001,
                        0.078778000000000001,
                        381892,
                        447768,
                        0.011849999999999999,
                        0.0016919999999999999,
                        1690789082.795028,
                        259977523624065
                    ],
                    "sub": []
                },
                {
                    "stat": [
                        "doGAToPass2",
                        "entry",
                        0.47971701622009277,
                        0.29542299999999999,
                        0.078779000000000002,
                        381892,
                        447768,
                        0.011849999999999999,
                        0.0016919999999999999,
                        1690789082.7950339,
                        259977523640547
                    ],
                    "sub": [
                        {
                            "stat": [
                                "DoPass2",
                                "entry",
                                0.72978115081787109,
                                0.29855799999999999,
                                0.079615000000000005,
                                380336,
                                447768,
                                0.027376000000000001,
                                0.051014999999999998,
                                1690789083.0450981,
                                259978272725402
                            ],
                            "sub": []
                        },
                        {
                            "stat": [
                                "DoPass2",
                                "exit",
                                1.04221510887146,
                                0.58649200000000001,
                                0.10119400000000001,
                                386700,
                                447768,
                                0.027376000000000001,
                                0.053962999999999997,
                                1690789083.357532,
                                259979208483653
                            ],