{
    "Modules": {
        "ln_float16": {
            "start_perf": [
                0.87724995613098145,
                0.43189100000000002,
                0.082265000000000005,
                386056,
                447760,
                1690251859.8806701,
                1815954949461320
            ],
            "Compiled Times": 4,
            "child_modules": {},
            "end_perf": [
                0.88219094276428223,
                0.436832,
                0.082265000000000005,
                386056,
                447760,
                1815954964292472,
                51539607553,
                0
            ],
            "Compiled": "Yes",
            "nQuads": 1753,
            "nMops": 5066,
            "nRouts": 85
        },
        "int8tofp16": {
            "start_perf": [
                0.87504076957702637,
                0.43003599999999997,
                0.081910999999999998,
                386056,
                447760,
                1690251859.8784609,
                1815954942846228
            ],
            "Compiled Times": 4,
            "child_modules": {},
            "end_perf": [
                0.87722277641296387,
                0.43186799999999997,
                0.08226,
                386056,
                447760,
                1815954949427514,
                42949672961,
                0
            ],
            "Compiled": "Yes",
            "nQuads": 233,
            "nMops": 893,
            "nRouts": 25
        },
        "...MASTER...": {
            "start_perf": [
                0.65292882919311523,
                0.21865799999999999,
                0.072886000000000006,
                380468,
                447760,
                1690251859.6563489,
                1815954277585391
            ],
            "child_modules": {
                "vcu_tb": 1
            },
            "end_perf": [
                0.65659499168395996,
                0.220136,
                0.073377999999999999,
                380468,
                447760,
                1815954288592671,
                0,
                0
            ],
            "nQuads": 0,
            "nMops": 0,
            "nRouts": 5
        },
        "int32tofp16": {
            "start_perf": [
                0.8696599006652832,
                0.42551600000000001,
                0.081049999999999997,
                386056,
                447760,
                1690251859.87308,
                1815954926733067
            ],
            "Compiled Times": 4,
            "child_modules": {},
            "end_perf": [
                0.87500476837158203,
                0.430004,
                0.081905000000000006,
                386056,
                447760,
                1815954942801784,
                38654705665,
                0
            ],
            "Compiled": "Yes",
            "nQuads": 609,
            "nMops": 2678,
            "nRouts": 44
        },
        "vcu_tb": {
            "start_perf": [
                0.65667080879211426,
                0.220193,
                0.073397000000000004,
                380468,
                447760,
                1690251859.6600909,
                1815954288788077
            ],
            "Compiled Times": 4,
            "child_modules": {
                "operator": 64,
                "int8tofp16": 64,
                "int32tofp16": 64
            },
            "end_perf": [
                0.86961984634399414,
                0.42548200000000003,
                0.081044000000000005,
                386056,
                447760,
                1815954926667353,
                8589934593,
                0
            ],
            "Compiled": "Yes",
            "significant_routs": [
                [
                    194,
                    "R_VCSgd_ntc2Z_c2",
                    9818800,
                    10996,
                    2457
                ],
                [
                    210,
                    "R_VCSgd_ntc2Z_d2",
                    10376792,
                    18390,
                    3571
                ],
                [
                    211,
                    "R_VCSgd_ntc2Z_d3",
                    11652112,
                    18382,
                    3569
                ],
                [
                    237,
                    "R_VCSgd_ntc2Z_ed",
                    11419526,
                    18403,
                    3575
                ],
                [
                    238,
                    "R_VCSgd_ntc2Z_ee",
                    10217824,
                    18382,
                    3569
                ]
            ],
            "nQuads": 26974,
            "nMops": 111840,
            "nRouts": 1945
        },
        "operator": {
            "start_perf": [
                0.88221192359924316,
                0.43685299999999999,
                0.082265000000000005,
                386056,
                447760,
                1690251859.885632,
                1815954964324882
            ],
            "Compiled Times": 4,
            "child_modules": {
                "ln_float16": 1
            },
            "end_perf": [
                0.89994478225708008,
                0.45458599999999999,
                0.082265000000000005,
                386056,
                447760,
                1815955017493279,
                68719476737,
                0
            ],
            "Compiled": "Yes",
            "nQuads": 5984,
            "nMops": 18797,
            "nRouts": 443
        }
    },
    "ObjArchives": [
        {
            "archive": "archive.3/_27399_archive_1.a",
            "objects": [
                [
                    "ntc2Z_d.o",
                    1029670
                ],
                [
                    "amcQwB.o",
                    124026
                ]
            ],
            "size": 1153696
        }
    ],
    "CompUnits": {
        "ntc2Z_d": {
            "bytes": 1029670,
            "mod": "vcu_tb",
            "text": 752852,
            "out": "ntc2Z_d.o",
            "mode": 4,
            "archive": "archive.3/_27399_archive_1.a",
            "checksum": 0
        }
    },
    "reusePaths": {
        "ETgF6_d": {
            "icPath": "csrc"
        },
        "amcQw_d": {
            "icPath": "csrc"
        },
        "a51B4_d": {
            "icPath": "csrc"
        },
        "BBKV2_d": {
            "icPath": "csrc"
        },
        "eKtU2_d": {
            "icPath": "csrc"
        }
    },
    "stat": {
        "peak_mem_kb": 447760,
        "ru_self_end": {
            "ru_maxrss_kb": 146952,
            "ru_utime_sec": 0.45787499999999998,
            "ru_stime_sec": 0.082265000000000005,
            "ru_majflt": 0,
            "ru_minflt": 22615,
            "ru_nvcsw": 522,
            "ru_nivcsw": 4
        },
        "cpu_cycles_end": 1815955027288101,
        "ru_childs_end": {
            "ru_maxrss_kb": 40788,
            "ru_utime_sec": 0.031599000000000002,
            "ru_stime_sec": 0.029777000000000001,
            "ru_majflt": 0,
            "ru_minflt": 5535,
            "ru_nvcsw": 956,
            "ru_nivcsw": 0
        }
    }
}