{
    "stat": {
        "peak_mem_kb": 447768,
        "cpu_cycles_end": 260058241745416,
        "ru_self_end": {
            "ru_utime_sec": 0.53871599999999997,
            "ru_nivcsw": 3,
            "ru_minflt": 22448,
            "ru_stime_sec": 0.031940000000000003,
            "ru_maxrss_kb": 147364,
            "ru_majflt": 0,
            "ru_nvcsw": 527
        },
        "ru_childs_end": {
            "ru_utime_sec": 0.026721000000000002,
            "ru_nivcsw": 1,
            "ru_minflt": 5537,
            "ru_stime_sec": 0.039314000000000002,
            "ru_maxrss_kb": 41256,
            "ru_majflt": 0,
            "ru_nvcsw": 956
        }
    },
    "Modules": {
        "int8tofp16": {
            "end_perf": [
                0.91768908500671387,
                0.50552600000000003,
                0.031940000000000003,
                386064,
                447768,
                260058142385378,
                42949672961,
                0
            ],
            "start_perf": [
                0.91602897644042969,
                0.50386699999999995,
                0.031940000000000003,
                386064,
                447768,
                1690789109.709312,
                260058137363844
            ],
            "Compiled Times": 16,
            "Compiled": "Yes",
            "child_modules": {},
            "nMops": 893,
            "nQuads": 233,
            "nRouts": 25
        },
        "...MASTER...": {
            "end_perf": [
                0.68054890632629395,
                0.27061600000000002,
                0.029760000000000002,
                380340,
                447768,
                260057432101660,
                0,
                0
            ],
            "start_perf": [
                0.67707300186157227,
                0.268787,
                0.029760000000000002,
                380340,
                447768,
                1690789109.470356,
                260057421654885
            ],
            "child_modules": {
                "vcu_tb": 1
            },
            "nMops": 0,
            "nQuads": 0,
            "nRouts": 5
        },
        "vcu_tb": {
            "start_perf": [
                0.6806330680847168,
                0.2707,
                0.029760000000000002,
                380340,
                447768,
                1690789109.4739161,
                260057432312086
            ],
            "end_perf": [
                0.91252899169921875,
                0.50036899999999995,
                0.031938000000000001,
                386064,
                447768,
                260058126941038,
                8589934593,
                0
            ],
            "Compiled Times": 16,
            "child_modules": {
                "operator": 64,
                "int8tofp16": 64,
                "int32tofp16": 64
            },
            "Compiled": "Yes",
            "significant_routs": [
                [
                    212,
                    "R_VCSgd_ntc2Z_d4",
                    11692008,
                    18390,
                    3571
                ],
                [
                    213,
                    "R_VCSgd_ntc2Z_d5",
                    10662009,
                    18382,
                    3569
                ],
                [
                    239,
                    "R_VCSgd_ntc2Z_ef",
                    11290322,
                    18403,
                    3575
                ],
                [
                    240,
                    "R_VCSgd_ntc2Z_f0",
                    10484957,
                    18382,
                    3569
                ]
            ],
            "nQuads": 27007,
            "nMops": 111803,
            "nRouts": 1951
        },
        "int32tofp16": {
            "end_perf": [
                0.9160001277923584,
                0.50383800000000001,
                0.031940000000000003,
                386064,
                447768,
                260058137327602,
                38654705665,
                0
            ],
            "start_perf": [
                0.91256809234619141,
                0.50040600000000002,
                0.031940000000000003,
                386064,
                447768,
                1690789109.7058511,
                260058127004962
            ],
            "Compiled Times": 16,
            "Compiled": "Yes",
            "child_modules": {},
            "nMops": 2678,
            "nQuads": 609,
            "nRouts": 44
        },
        "ln_float16": {
            "end_perf": [
                0.92609095573425293,
                0.51392700000000002,
                0.031940000000000003,
                386064,
                447768,
                260058167598121,
                51539607553,
                0
            ],
            "start_perf": [
                0.91771793365478516,
                0.50555600000000001,
                0.031940000000000003,
                386064,
                447768,
                1690789109.7110009,
                260058142428090
            ],
            "Compiled Times": 16,
            "Compiled": "Yes",
            "child_modules": {},
            "nMops": 5066,
            "nQuads": 1753,
            "nRouts": 85
        },
        "operator": {
            "end_perf": [
                0.94576001167297363,
                0.53359800000000002,
                0.031940000000000003,
                386064,
                447768,
                260058226485635,
                68719476737,
                0
            ],
            "start_perf": [
                0.92613697052001953,
                0.51397499999999996,
                0.031940000000000003,
                386064,
                447768,
                1690789109.71942,
                260058167639479
            ],
            "Compiled Times": 16,
            "Compiled": "Yes",
            "child_modules": {
                "ln_float16": 1
            },
            "nMops": 18797,
            "nQuads": 5984,
            "nRouts": 443
        }
    },
    "CompUnits": {
        "ntc2Z_d": {
            "checksum": 0,
            "mod": "vcu_tb",
            "mode": 4,
            "out": "ntc2Z_d.o",
            "bytes": 1033462,
            "archive": "archive.15/_3008_archive_1.a",
            "text": 753100
        }
    },
    "reusePaths": {
        "ETgF6_d": {
            "icPath": "csrc"
        },
        "amcQw_d": {
            "icPath": "csrc"
        },
        "a51B4_d": {
            "icPath": "csrc"
        },
        "eKtU2_d": {
            "icPath": "csrc"
        },
        "BBKV2_d": {
            "icPath": "csrc"
        }
    },
    "ObjArchives": [
        {
            "archive": "archive.15/_3008_archive_1.a",
            "objects": [
                [
                    "ntc2Z_d.o",
                    1033462
                ],
                [
                    "amcQwB.o",
                    124716
                ]
            ],
            "size": 1158178
        }
    ]
}